outbound,tcp,20107,91.155.182.231
inbound,tcp,35237-56077,103.182.11.108-123.230.151.194
inbound,tcp,40076,140.110.92.248
inbound,udp,48749,66.162.90.138
inbound,tcp,32619-37240,81.29.16.228-104.61.89.243
inbound,udp,23947,224.9.240.56-244.223.241.179
inbound,tcp,48064-55248,145.31.159.228-233.50.192.243
inbound,tcp,59431,161.103.213.207
inbound,udp,56345-56725,125.86.55.221
inbound,tcp,41690-43319,22.161.193.92-203.184.244.216
outbound,udp,41767,125.152.114.10-180.255.225.81
outbound,tcp,14371-57300,203.240.167.174
inbound,tcp,16102,209.168.159.99
inbound,tcp,20214,224.45.17.172
inbound,tcp,36786,16.144.186.4-37.193.233.16
inbound,tcp,60830,155.103.176.153-240.182.225.179
inbound,udp,4143-43267,121.47.18.179
inbound,tcp,8147-37762,180.36.118.208
outbound,tcp,5740-57981,211.186.68.28-217.228.173.201
outbound,tcp,2590-57129,119.20.77.188
outbound,udp,58242-62131,28.104.37.94
inbound,udp,55527,254.104.189.243-255.161.255.247
outbound,udp,30496,194.87.9.240-198.237.216.250
outbound,udp,8597-10147,134.56.243.104-230.248.253.208
outbound,udp,19949,33.145.226.207-199.204.229.246
outbound,udp,39965,110.97.223.49
inbound,tcp,10918,60.198.228.103
outbound,udp,35045,78.45.68.139
outbound,tcp,2589-35495,216.48.204.160-228.123.246.236
outbound,tcp,25448-28560,26.197.168.182
inbound,udp,62996-65009,59.72.209.179-210.85.231.201
outbound,udp,48104,39.207.15.33-98.207.97.133
outbound,udp,18655,42.105.28.48-245.139.253.210
inbound,tcp,48258-65068,240.180.208.63-249.182.248.210
outbound,tcp,38951-41671,193.80.61.58-223.142.142.219
inbound,tcp,26698,156.254.129.163-210.255.153.241
outbound,udp,11863-29245,230.191.86.190
inbound,tcp,54384,22.11.25.227-255.32.116.250
outbound,tcp,18824,52.32.200.219
inbound,udp,20474-41081,82.123.61.22-111.146.178.164
inbound,udp,36723,96.27.144.189-198.99.146.189
outbound,udp,29912-32255,140.67.3.242
inbound,udp,30488-58767,89.25.146.134-203.250.189.185
outbound,udp,21815-59373,78.91.42.48-144.109.108.129
outbound,tcp,15281-61462,137.108.53.150
outbound,tcp,1774,109.243.2.2-182.248.69.122
inbound,udp,14226-20498,216.214.149.230
inbound,tcp,15998,25.242.227.14-242.251.245.173
outbound,tcp,60271,237.223.242.138
inbound,tcp,61749-64056,165.150.201.76
inbound,tcp,28337,53.97.251.217-251.251.251.244
inbound,tcp,52755,254.220.0.184
inbound,udp,2053-8341,193.27.160.179
outbound,udp,52824,225.144.67.110-253.218.133.197
outbound,udp,4034-21239,214.49.225.196
outbound,tcp,47960-64868,14.234.65.179-192.236.204.238
inbound,tcp,44204-63132,82.202.191.118-242.213.209.249
outbound,tcp,27193-30466,78.150.151.39
inbound,tcp,5081-46297,204.192.30.66
inbound,udp,5353,148.135.14.145
outbound,udp,54424,117.189.98.242-243.203.235.252
outbound,udp,43909-47916,44.48.253.117-189.135.255.137
outbound,tcp,7094,187.76.137.224
inbound,udp,47017-50224,228.12.105.152-241.209.198.158
outbound,udp,22289-33117,253.129.216.104-255.169.235.229
outbound,tcp,65435-65497,92.0.206.231
outbound,tcp,47682,6.24.93.23-141.36.176.249
inbound,udp,1821-49298,142.192.242.97-210.205.246.128
inbound,udp,44511,142.19.8.165-255.172.203.170
outbound,udp,64442-65124,190.230.174.209-237.240.231.240
inbound,udp,594,212.143.238.42
outbound,udp,12675,194.111.107.119-200.217.237.153
outbound,udp,18629,12.186.139.161-108.239.222.169
inbound,udp,4017,207.0.214.214-207.116.214.233
outbound,udp,40037-53495,82.197.144.52-102.249.242.88
outbound,udp,26014,166.150.102.33-246.188.217.121
outbound,udp,20611,113.113.128.30-225.154.174.184
inbound,udp,40749-50537,104.8.48.83-144.135.158.147
outbound,tcp,50579-56185,63.74.72.107-72.230.133.202
inbound,tcp,60978-65423,23.118.185.185-70.164.203.226
inbound,tcp,58768,83.222.35.83-214.243.231.137
inbound,tcp,8018-14105,189.96.153.84-229.225.158.129
outbound,udp,54582,254.39.207.90-255.62.217.183
outbound,tcp,23882-64671,5.137.219.243
outbound,udp,51623,194.194.62.5
inbound,tcp,29020-49109,210.26.203.193
outbound,tcp,10563-64634,180.78.21.128
inbound,tcp,62940-63676,160.113.248.146
inbound,udp,39037,111.144.102.78
outbound,udp,1845-33622,195.250.46.78-219.255.188.146
inbound,tcp,27035-61103,66.155.194.61-235.181.255.185
inbound,udp,58511,25.222.72.107
outbound,udp,44874,169.154.136.49-220.248.241.180
inbound,udp,999-63017,163.84.168.155-166.250.189.195
outbound,tcp,11601,61.38.87.14-68.169.131.163
inbound,udp,13077-33485,14.113.82.241
inbound,tcp,6842,204.102.233.228
inbound,udp,8043,40.141.128.9-56.174.195.243
inbound,tcp,61724-63850,58.226.38.84-253.228.130.107
inbound,udp,14268-48815,20.59.79.64-122.118.80.119
outbound,udp,17991-55507,127.65.98.214-135.127.142.243
inbound,tcp,46195,135.168.237.206-166.232.242.218
inbound,udp,37834-63063,4.50.128.254
outbound,udp,55985-65305,39.186.218.47-61.249.251.174
outbound,tcp,9285,104.192.33.84
inbound,udp,6165-44187,108.66.172.244
outbound,udp,33750,61.112.203.162-85.152.234.227
inbound,tcp,22733-30852,23.112.45.89-57.115.76.151
inbound,udp,2332,211.221.225.156-217.234.243.240
outbound,tcp,42383-65478,88.137.164.133
inbound,tcp,20437,48.152.173.168
outbound,udp,6009,122.153.235.134-193.156.252.218
outbound,tcp,4782,201.245.186.239-236.251.190.245
inbound,tcp,29553-34429,168.132.79.220-169.244.122.221
inbound,udp,55612,43.56.90.222
outbound,tcp,27443-52766,148.39.7.96-156.118.53.97
outbound,tcp,11608,144.55.242.192
outbound,udp,56208,37.29.8.242
outbound,udp,30723,63.38.238.26-232.74.253.59
inbound,udp,13467,9.100.82.133-140.233.237.244
inbound,tcp,47810,60.185.87.12
outbound,udp,9690,227.26.29.172
inbound,udp,40618-41442,136.151.109.200-186.185.227.244
outbound,udp,13512-37587,234.28.43.195-248.250.180.213
outbound,udp,58202-59246,30.214.121.216
inbound,tcp,59522-61490,49.195.102.174
inbound,udp,37840-50571,71.114.87.85-135.173.200.157
outbound,udp,53087-59460,71.206.213.122-131.233.213.175
inbound,udp,63635-65151,134.2.146.127-195.86.180.146
outbound,udp,32630-53073,49.144.2.224
inbound,udp,10366-23637,161.72.126.43
inbound,tcp,53402,251.227.64.102-251.241.244.208
inbound,udp,57312-61970,241.184.96.117-251.249.232.212
inbound,tcp,879-15435,195.83.6.247
inbound,udp,3618-32663,148.53.45.71-204.147.172.195
outbound,udp,25932-50713,152.75.183.142
inbound,udp,28515-44155,30.20.171.111-136.81.233.212
outbound,udp,5606,227.211.174.164-244.229.241.206
inbound,udp,40842-58162,59.179.99.68-158.213.187.196
inbound,udp,37644,186.14.230.153-188.174.234.172
inbound,udp,24757-47094,175.43.217.54-237.235.240.119
inbound,tcp,18057,206.18.14.59-215.35.202.225
outbound,tcp,2856,150.26.72.36-155.174.195.152
outbound,tcp,22733-31075,86.21.89.177
outbound,udp,31684,139.90.152.151-235.178.247.196
inbound,tcp,3334-38636,140.233.231.189-252.245.233.240
outbound,tcp,48821,128.168.206.136
inbound,udp,41737,233.124.226.92-253.241.232.193
outbound,tcp,61843-63329,170.238.89.124-236.246.175.209
outbound,tcp,19509,227.59.103.223-242.104.206.244
inbound,udp,51469-59126,65.6.12.177
inbound,udp,12859-36472,2.70.116.24-88.86.230.119
inbound,tcp,38960-41526,53.2.17.220
inbound,tcp,4000,108.9.62.36-112.55.116.130
outbound,udp,39702-56657,98.157.189.213
outbound,tcp,29724,170.69.204.98
outbound,udp,63795-65207,234.61.89.74-247.158.104.231
outbound,tcp,33324,28.39.157.80
inbound,tcp,63307,122.94.36.1-131.110.77.182
inbound,tcp,15052,244.251.45.101-249.254.215.214
outbound,tcp,21760,231.207.180.24
outbound,tcp,43513,149.218.116.133-249.249.145.173
inbound,tcp,45299-60558,69.20.54.108
outbound,udp,1962-30006,238.254.170.63-255.254.177.95
inbound,udp,22675,26.38.182.139-70.172.197.231
inbound,udp,12030-37201,37.192.237.173-76.200.246.181
inbound,tcp,25761,83.39.221.55
inbound,tcp,44781-49235,156.233.35.16
inbound,udp,30511-35902,183.202.186.10-250.243.231.241
inbound,udp,56247,69.180.154.232-237.192.242.250
inbound,udp,44276,33.127.186.181-86.253.187.190
outbound,tcp,49861,7.68.74.74
inbound,tcp,52270,122.194.68.216-151.221.201.229
outbound,udp,42632,208.237.182.252-214.251.219.252
inbound,udp,11641,66.33.160.176
outbound,tcp,34407-39615,113.84.117.110-252.187.121.201
outbound,tcp,12499,152.38.141.150
outbound,tcp,38077-62621,87.17.20.90
outbound,udp,39222-49202,26.189.187.98-49.249.218.127
inbound,tcp,42252,160.118.167.116
outbound,tcp,63376-63936,201.83.141.28-239.143.153.190
outbound,udp,54905,204.139.191.68-240.236.204.160
inbound,tcp,42640,20.166.19.174
inbound,udp,23967-52018,10.102.95.20
inbound,tcp,30046,30.101.46.138-219.169.253.178
outbound,udp,64683-65433,149.44.26.183-206.152.138.207
inbound,tcp,21710-55901,243.24.224.212-246.142.240.213
outbound,udp,5494,22.210.112.216-158.238.157.234
inbound,tcp,63197-64873,73.177.232.85-148.190.241.114
inbound,udp,45526-47690,32.60.41.246
outbound,tcp,40135-63039,239.2.228.69-254.67.233.113
inbound,tcp,39109-61425,149.37.177.55
inbound,udp,45170-58418,220.181.238.245
outbound,udp,18834-25943,130.68.223.146-193.227.248.198
outbound,udp,40726-54036,164.39.50.195
inbound,tcp,52472-64903,34.46.84.44
outbound,tcp,28777-62241,214.196.56.230
outbound,tcp,31692,158.75.38.225-250.95.250.245
inbound,udp,8704,110.215.171.177
inbound,udp,37397-39534,215.20.27.25
outbound,tcp,35053,45.144.22.192
outbound,tcp,2422,66.32.115.153
inbound,tcp,40350-44416,249.134.77.9
outbound,tcp,42534-64986,0.46.187.43
outbound,udp,64701,176.214.62.11
inbound,udp,13727-34444,227.144.9.168-248.218.17.252
outbound,tcp,5085,244.32.51.36-244.43.206.97
outbound,udp,35666,103.120.200.15-134.167.218.211
inbound,tcp,3795,107.151.161.224
outbound,udp,36470,252.186.91.118
inbound,tcp,26815,196.179.146.122
outbound,udp,60591,187.18.201.212-245.180.235.236
inbound,udp,50647-59470,176.217.71.121
outbound,tcp,54577,122.129.238.87
inbound,udp,56630,0.127.16.247-114.200.84.249
inbound,udp,10792-60918,106.80.87.72
outbound,udp,33980-40117,64.27.12.197
outbound,tcp,47711,3.60.172.188-58.159.220.193
outbound,tcp,29633,232.252.60.226
inbound,tcp,31499,204.250.242.222
outbound,tcp,28170,179.211.202.253-249.221.221.253
inbound,udp,25652-41729,113.34.93.38-169.181.155.64
inbound,tcp,4272-33431,218.206.219.30
inbound,tcp,2497-34243,209.212.109.57-228.252.207.200
outbound,udp,44641,66.103.65.156-98.236.177.236
inbound,udp,39399,212.228.178.196
inbound,udp,62661-63502,30.61.31.1-162.91.177.212
inbound,udp,23727,52.31.58.149-130.41.239.153
outbound,tcp,20262-31995,141.189.200.74-157.195.210.191
outbound,udp,46452,107.4.107.145-234.117.152.147
outbound,tcp,16605,41.244.150.143
inbound,tcp,37624,189.109.148.9-248.109.254.113
outbound,tcp,334-358,242.192.112.141-245.202.144.229
inbound,udp,14112,155.144.219.138
outbound,udp,15120-47517,155.184.193.57
outbound,udp,55195,44.137.230.236
outbound,udp,51643-54647,199.56.46.43
outbound,tcp,25633,13.172.118.253
inbound,udp,1096,108.147.48.161-134.179.57.200
outbound,tcp,9479-26226,247.84.204.75
inbound,tcp,18132,198.95.224.244-243.159.253.252
outbound,tcp,49984,94.6.247.91-149.8.254.220
outbound,udp,36109-53718,135.97.130.235
outbound,udp,12441,48.100.39.37-94.219.149.171
inbound,udp,30855,213.141.26.50-246.225.54.186
inbound,udp,11890,103.254.120.121
outbound,udp,39509-65518,30.71.82.14-144.233.84.23
inbound,tcp,31067,168.104.123.179
outbound,udp,38760,131.93.57.83-207.169.94.245
outbound,udp,50866-59595,10.58.126.253
inbound,udp,32379-38772,204.17.123.195
inbound,udp,41368-57709,2.9.121.173-8.164.234.228
inbound,udp,49269,61.58.48.165
inbound,tcp,21388-58201,2.254.177.192
inbound,udp,35041,231.178.7.28
inbound,tcp,40770,12.142.5.33
outbound,tcp,25235-35994,244.124.109.174-252.149.179.253
inbound,udp,35608-61806,173.156.173.80-223.184.240.95
outbound,udp,43897-61499,72.89.5.183
inbound,tcp,31611-45605,167.69.217.117-195.179.232.125
outbound,udp,45633-55114,13.4.247.111
outbound,udp,53580,156.196.235.204-209.230.242.245
inbound,udp,65405-65461,65.200.116.153-226.204.198.221
outbound,tcp,45876,95.183.156.188-149.236.161.193
outbound,tcp,2307-24043,17.132.132.39-234.243.212.196
inbound,udp,43122,146.202.252.18-203.203.255.74
inbound,udp,16305-16572,17.103.108.176
outbound,tcp,56642,145.72.124.248-239.183.214.248
inbound,udp,23022-48872,161.75.134.54
outbound,tcp,32250,23.190.181.108
inbound,tcp,30650,147.133.214.168
inbound,udp,474-63127,148.197.92.172
outbound,tcp,23507,106.9.246.91-174.155.247.244
outbound,udp,17996-39108,123.133.178.195-142.153.247.206
outbound,tcp,31903-35631,116.187.169.163-248.236.221.189
inbound,tcp,57743,27.17.60.81-173.61.245.81
outbound,udp,51619,104.199.165.108
outbound,udp,30466,219.150.120.230-227.205.141.242
outbound,tcp,41715,125.10.209.233
inbound,udp,59430,11.183.5.63-42.213.17.171
inbound,udp,11864,64.46.46.65
outbound,tcp,30137-61496,193.57.142.25
inbound,udp,2671-62989,54.118.104.117
outbound,udp,47-647,180.59.141.97
inbound,udp,11734,79.249.29.8
inbound,tcp,35034-51046,249.208.195.250
outbound,udp,48353-60350,119.212.4.83
inbound,tcp,38121-52646,35.122.214.231
inbound,tcp,32455-54235,132.176.240.145
outbound,udp,9400,106.36.107.207
inbound,tcp,49174-50726,149.253.106.118
outbound,tcp,11798,175.255.191.230-230.255.241.241
outbound,tcp,45151,61.112.254.200-81.137.255.248
outbound,udp,39971-46698,70.188.141.18
inbound,tcp,38101,40.65.44.4-172.241.124.94
inbound,tcp,56292-60594,57.204.202.37
inbound,udp,38516,62.6.159.27-92.246.169.160
inbound,tcp,8955-18783,228.75.60.231-241.190.222.247
inbound,udp,53782-56715,153.140.127.168-211.220.251.189
outbound,tcp,51491-54329,86.237.38.73-181.247.232.132
outbound,udp,59003-65486,92.183.6.142
inbound,tcp,36902,179.35.114.35-240.240.247.163
inbound,tcp,6127-22835,4.46.177.153-202.108.204.242
inbound,udp,38642,210.32.26.26
outbound,udp,57746-63034,126.109.126.7-250.139.158.231
inbound,udp,39625,225.176.99.1-231.231.150.223
inbound,tcp,27228,188.135.233.46-227.216.233.241
inbound,tcp,61464-63370,23.217.129.218
outbound,udp,56944,190.250.67.177-245.253.85.212
inbound,udp,31918,109.177.188.26
outbound,tcp,9148-38860,86.165.33.118
outbound,udp,39071,151.53.213.71
inbound,tcp,64446,99.50.168.215-143.171.211.215
outbound,udp,43207,210.15.110.165-214.232.166.165
inbound,udp,40233,47.116.252.164
inbound,udp,46815-52309,36.251.60.159
inbound,udp,16125,125.184.71.43
inbound,udp,32003-43996,34.212.46.68-211.231.99.215
outbound,udp,41255-65408,17.199.235.115
inbound,tcp,46,1.225.126.17-54.244.211.162
inbound,tcp,13715,227.78.206.48-241.225.248.178
inbound,tcp,35344,31.65.14.196
outbound,tcp,62856-64767,226.17.171.74
inbound,tcp,34150-44072,32.8.139.184-72.222.216.249
inbound,tcp,19540,46.123.189.56-146.137.230.99
inbound,tcp,9191,106.179.209.160
inbound,tcp,29318,6.115.136.34-228.156.206.131
inbound,tcp,61421,48.47.45.190-247.200.160.238
outbound,tcp,59167-65201,199.0.223.239
outbound,tcp,57765,167.240.218.100
inbound,tcp,46837,29.252.18.126
inbound,udp,23102-29877,231.106.127.5-251.222.244.243
outbound,tcp,45013-60716,53.107.53.63-189.228.241.173
inbound,udp,62603,49.243.115.45-58.254.182.171
inbound,udp,8700-45652,128.54.41.56
outbound,tcp,8109-34912,154.89.216.244
outbound,tcp,56331-63256,154.207.147.252-234.228.151.253
inbound,tcp,56714,16.37.30.128-185.214.170.226
inbound,udp,3818-47643,2.149.26.247
inbound,udp,20370-61342,93.185.195.106
inbound,tcp,16683,40.185.40.211-79.248.206.248
outbound,tcp,20311-30690,101.195.145.204
outbound,udp,4197-61450,41.31.214.184-159.189.255.233
outbound,tcp,44599-54348,96.101.36.86
outbound,tcp,1196,146.55.157.35-205.217.228.151
outbound,udp,5213-51308,93.90.196.158
inbound,tcp,21079,219.154.208.42
inbound,tcp,61118-62962,173.40.10.204
outbound,tcp,33744-61142,53.251.35.135-129.255.175.188
outbound,tcp,45969-58667,20.81.50.253
inbound,udp,40394,39.187.229.42
outbound,udp,19184,49.242.80.66
inbound,udp,64763-65449,243.110.50.224
inbound,udp,49424,57.163.216.187-223.193.244.237
outbound,udp,15753,185.104.236.124-196.206.243.201
inbound,tcp,45848,81.200.178.90
inbound,udp,63306-63963,19.84.43.78
outbound,udp,12425,182.4.242.191
inbound,tcp,676-39892,119.53.47.183
outbound,tcp,12227,193.131.209.233
outbound,tcp,8786,107.173.201.194-181.237.234.234
inbound,udp,60955,247.189.161.243-254.232.214.243
outbound,tcp,3188,59.41.251.32-87.152.255.184
inbound,tcp,54760,140.245.192.102
outbound,udp,25873,17.204.96.189
inbound,udp,59708,185.31.86.143
inbound,tcp,34704,101.120.207.66-187.145.253.101
inbound,udp,46019,50.125.181.78-203.217.235.106
inbound,tcp,37409-40174,56.62.93.106
outbound,tcp,50357,184.172.199.30-228.248.217.62
outbound,udp,20784-54764,99.241.60.172-242.243.237.233
outbound,tcp,46525,176.225.216.22
outbound,tcp,40405-40610,247.96.41.179
outbound,tcp,62168,176.78.63.212
outbound,udp,35483-37303,18.55.71.142-189.72.134.175
inbound,udp,11124-42112,89.72.78.46-226.177.223.86
outbound,tcp,63898,196.169.156.252-255.192.220.252
outbound,udp,42990,55.138.94.183
inbound,tcp,9286,213.240.78.102
outbound,tcp,58218,221.217.45.68
outbound,tcp,1615-5209,229.134.159.157
inbound,tcp,36432-37859,46.83.158.201
outbound,tcp,3068,140.20.64.80
outbound,udp,3995-39048,250.198.91.202-252.231.150.219
inbound,udp,9980-65399,228.110.132.171
outbound,tcp,36155-42292,205.115.171.85-214.186.254.213
inbound,udp,1545,72.131.103.223
outbound,udp,22861-33444,147.114.177.145-186.121.249.251
inbound,udp,40494,162.105.104.135
outbound,udp,21119-45237,214.92.250.196
outbound,udp,63862-64930,1.57.210.166-138.69.230.185
outbound,tcp,63261,211.20.239.171-225.117.247.238
inbound,tcp,12013-36920,125.59.77.91-244.114.82.158
inbound,udp,3129-19696,190.86.55.115-210.228.64.202
inbound,tcp,25136-50835,157.72.185.184
outbound,tcp,62416,153.166.187.228-246.247.215.244
inbound,tcp,61042,100.221.164.186-223.237.250.224
outbound,udp,60843-62836,216.169.116.70-251.240.181.245
inbound,tcp,15035,150.8.110.243
outbound,udp,25141,238.47.32.94-246.184.234.245
outbound,udp,31361,128.119.165.25
inbound,tcp,43175,118.197.26.241-171.242.119.245
inbound,tcp,22192-33411,221.164.51.195
outbound,tcp,12083,153.223.105.188
outbound,tcp,32459,80.195.195.114
outbound,tcp,20077,184.177.135.160-197.196.215.170
outbound,tcp,21382-41309,74.241.203.21
inbound,tcp,40402,129.204.13.60-134.254.38.223
inbound,udp,50201,244.59.103.86-253.235.129.212
outbound,tcp,14270-55418,100.229.71.112-148.233.85.135
outbound,tcp,27715,34.209.185.86
outbound,udp,34348-58675,17.111.235.229
inbound,tcp,15664-63065,152.244.134.28
outbound,udp,41312,229.90.25.74-253.193.200.191
inbound,tcp,12866,228.184.192.193
outbound,udp,1243-30560,245.48.16.89
inbound,udp,22486,246.112.3.179-247.176.67.204
outbound,udp,4791-50443,208.154.217.17
inbound,udp,9623-50977,196.133.20.190
outbound,tcp,17180,10.203.213.21-143.234.232.182
inbound,tcp,3847,3.166.233.113-97.216.242.123
outbound,tcp,8,96.170.75.188
outbound,udp,23128,129.120.59.47-164.214.149.71
inbound,udp,56146,20.203.13.195
outbound,udp,19598,223.85.67.160
inbound,udp,48528-49369,189.110.31.194-227.220.110.232
outbound,udp,16576,47.172.250.87
outbound,udp,56414-60922,77.235.254.112-183.248.255.182
outbound,udp,16897,196.205.147.160-205.219.227.215
inbound,udp,20133-36125,232.128.130.40-251.222.221.103
inbound,tcp,6422,184.30.145.41
inbound,tcp,14798,248.225.121.207-248.244.244.209
outbound,udp,53057-64931,86.45.90.45-231.111.221.239
inbound,tcp,59096-59417,120.165.116.217-220.175.247.235
inbound,tcp,36847-60139,6.204.128.167
inbound,udp,7878-64784,254.220.170.218-255.247.172.221
outbound,tcp,44230,218.205.94.74-246.229.131.124
outbound,udp,34554-57529,41.200.255.42-156.235.255.109
outbound,udp,54135,159.100.43.57
outbound,tcp,55586-56819,207.215.56.132
inbound,udp,32613-63358,232.241.109.7
outbound,tcp,55666-61015,68.84.209.243
inbound,udp,2072,228.43.55.29-240.177.115.233
outbound,udp,54010,175.165.96.51
inbound,udp,42451-48234,152.152.179.178-166.247.193.220
outbound,tcp,27334,58.96.123.29-164.157.232.199
outbound,udp,58864,234.15.85.1-248.69.231.117
outbound,tcp,15045,174.219.30.160
inbound,tcp,49094-54443,88.75.23.192-173.230.63.222
outbound,udp,36196,44.194.205.15-138.201.226.20
inbound,tcp,18628-58503,123.181.173.203
outbound,udp,23847,235.226.221.131
outbound,tcp,52326-59250,223.5.43.108-226.129.253.231
outbound,udp,53605,168.175.234.85-188.245.241.146
inbound,udp,8592-61826,16.239.74.241
outbound,tcp,15605,190.146.254.102-194.198.255.231
inbound,udp,37177,168.83.76.247-178.165.243.252
outbound,udp,10342,144.104.209.193
inbound,udp,64581,146.63.0.212
inbound,udp,13466,122.141.92.143-205.253.95.143
outbound,udp,33886-52386,229.203.134.33-239.242.166.42
inbound,tcp,18581,80.205.112.57
inbound,tcp,63740,40.225.176.228-55.243.209.244
inbound,udp,45621,155.131.169.221
outbound,tcp,40257,216.110.63.232-247.167.198.240
outbound,udp,29548-46006,205.139.79.224
inbound,tcp,53350,216.164.213.62-225.245.227.138
inbound,tcp,50566-62432,137.227.31.26-218.247.227.109
inbound,udp,42611,252.194.240.86
inbound,tcp,12122-61793,84.79.26.190-132.211.51.213
outbound,tcp,60854,220.47.45.48-233.94.115.187
inbound,tcp,36138,140.56.228.27
inbound,tcp,27031,59.208.158.102-216.236.251.107
outbound,tcp,22254,33.80.226.126
inbound,udp,59175,109.60.217.115-222.112.218.128
inbound,udp,28850,204.177.165.201-246.227.204.221
inbound,udp,65329-65351,159.140.62.133-198.224.224.230
inbound,udp,11094,223.35.43.105
inbound,udp,26026-36019,248.59.99.179-248.206.219.179
inbound,udp,34935-43184,230.163.64.178-239.193.163.245
outbound,udp,55676,98.89.145.73-119.254.151.97
inbound,tcp,33290,109.133.180.153-226.241.183.163
inbound,tcp,24481,190.129.154.53
outbound,udp,4616-39232,62.127.105.242-139.209.119.254
outbound,tcp,9619,54.170.93.70-123.243.194.162
outbound,udp,31309,79.73.37.104
outbound,udp,59526,153.155.48.97-177.253.169.247
inbound,tcp,6280,168.241.107.217
outbound,tcp,3337-17966,237.130.85.175-241.194.149.245
outbound,tcp,65205-65498,131.20.125.169
outbound,udp,24572-35755,30.244.15.117-220.252.106.202
outbound,udp,21902,14.241.222.188-76.250.228.194
inbound,tcp,27948-47579,135.35.56.167
outbound,tcp,40064,6.235.226.5-208.238.241.221
outbound,udp,52883-58893,30.255.107.199
outbound,tcp,3863-34409,188.1.202.208-230.200.209.246
inbound,udp,50060-50784,10.71.63.43
outbound,udp,50094,124.81.33.111
outbound,tcp,43644-64353,194.241.153.126-250.254.161.169
outbound,udp,12478-59265,251.26.159.152
outbound,udp,13813,91.39.99.88-176.94.129.116
inbound,tcp,55144-58228,225.83.241.123-254.135.250.254
outbound,tcp,43029-63972,173.40.34.186
inbound,tcp,15649,147.172.64.91
outbound,udp,15231-15726,106.174.243.219
outbound,udp,2889,211.174.181.19-247.211.222.209
outbound,tcp,30022-35333,200.182.198.182-230.215.206.230
inbound,tcp,174,253.102.222.208-255.254.246.215
outbound,tcp,47686,5.122.103.131
outbound,tcp,189,48.169.201.189-117.221.216.231
inbound,udp,34833-37600,235.233.78.146
outbound,tcp,59125-59688,178.252.26.178-178.255.34.247
outbound,udp,27021-63385,92.179.248.155
outbound,udp,55896-57319,248.176.183.128
outbound,tcp,19818,251.140.159.138-251.214.200.172
outbound,tcp,54780-63799,25.2.15.42-231.108.51.82
inbound,tcp,56684,228.130.237.122
outbound,tcp,2797-36393,51.39.244.72-158.84.247.235
inbound,tcp,29718,133.205.55.57
inbound,tcp,2557,172.107.61.180
outbound,udp,61788,134.181.174.184
outbound,udp,56312-64544,190.144.102.165-249.236.102.196
outbound,tcp,16036,251.29.255.241
inbound,udp,36559,149.90.168.87
outbound,tcp,51839-62858,196.109.105.238-248.223.186.246
inbound,tcp,2082-39370,56.183.160.134
inbound,tcp,7540,111.162.60.162-226.197.238.205
inbound,udp,45871-50625,32.109.14.115
outbound,tcp,61800,215.119.183.134
inbound,udp,42075-46817,121.121.7.167
outbound,tcp,60989-62086,60.207.205.243-200.239.246.252
inbound,udp,8323-42144,185.233.185.150
inbound,tcp,43874,54.174.215.116
outbound,udp,2398-12846,178.52.235.204-238.97.239.241
outbound,tcp,54449,103.45.190.21
inbound,udp,31737-36331,117.27.222.75-196.45.236.84
outbound,tcp,17453-34585,162.37.167.87-185.94.225.232
outbound,udp,17044,58.53.207.53-136.226.223.190
inbound,udp,17125-23504,249.2.171.122
inbound,tcp,49753,117.112.75.58-230.228.150.92
outbound,udp,7725,153.25.123.106-206.133.152.206
inbound,tcp,24507,148.176.246.75
inbound,tcp,16195-57055,137.229.122.98-247.233.137.117
inbound,tcp,22386,165.184.47.95-182.192.216.249
outbound,udp,23805-53839,75.34.12.163-133.154.93.182
inbound,udp,14151-18994,92.194.227.79-111.206.252.197
outbound,tcp,23452-45053,9.116.16.118-29.158.85.239
outbound,udp,16380-25656,28.246.176.227
inbound,udp,62208,129.69.164.11
outbound,udp,17417-37776,245.200.70.166-248.247.104.185
inbound,tcp,18756-65498,89.105.128.96-186.115.195.126
inbound,udp,26650-57975,165.30.3.254
outbound,tcp,54830-60663,168.68.24.90-182.190.45.149
inbound,udp,23539,145.8.208.197
inbound,tcp,24909,42.182.197.102-108.221.238.199
outbound,udp,63544-64415,250.228.248.92
inbound,tcp,8241-23427,9.61.100.249-59.86.190.253
outbound,udp,6100-57385,189.50.97.167-190.99.115.196
outbound,tcp,39442-45855,97.2.111.230
inbound,tcp,22005-38738,64.195.130.59
outbound,tcp,16543-20814,48.191.53.82
inbound,tcp,44827,133.249.85.79-238.253.247.148
inbound,tcp,6025,52.167.203.46-144.190.230.71
inbound,tcp,41588,59.6.101.129-229.171.237.253
inbound,udp,40233,228.35.24.135
inbound,tcp,5440,127.208.115.248
inbound,udp,48109,88.183.245.251
inbound,udp,31061,23.236.54.138-31.247.172.192
outbound,udp,34608-35642,187.78.230.226
outbound,udp,176,118.51.33.163-231.217.75.227
outbound,tcp,56362,60.91.235.199
outbound,tcp,94-8941,52.235.165.238-191.238.165.249
inbound,udp,51209-51571,141.84.130.175-247.217.166.210
outbound,tcp,13329,216.101.150.237
inbound,udp,15108,144.145.0.162-225.204.161.189
outbound,tcp,53801,113.43.162.253-121.169.191.253
outbound,tcp,58617,62.106.126.40-253.177.197.176
inbound,udp,49645-64751,13.53.229.189
inbound,tcp,45432,6.205.252.138
outbound,udp,56400,233.18.107.22-240.51.243.205
outbound,tcp,24719,215.232.235.59-220.241.255.240
outbound,tcp,46585-48349,170.192.150.235
outbound,tcp,10170-65234,93.99.53.82-133.141.120.249
outbound,udp,29441-51986,240.141.25.150
inbound,tcp,60819,243.230.61.170-245.245.145.215
outbound,tcp,48358-62010,162.206.218.228-179.242.244.247
inbound,tcp,9922,244.171.182.235
outbound,tcp,18050,171.252.97.153
inbound,udp,30162-40655,241.39.240.28
inbound,udp,37260-57913,241.110.240.225
inbound,udp,13597,14.0.185.188
inbound,udp,37993,88.6.60.177-215.246.100.196
outbound,tcp,52358,233.103.25.202-241.170.188.211
outbound,udp,12576-13236,45.46.20.186-165.108.75.253
outbound,udp,64181,42.17.213.49-220.91.236.224
outbound,tcp,39834,249.44.35.133-249.66.74.249
outbound,udp,10570,18.170.191.234
inbound,tcp,30814,209.204.107.91-255.235.174.140
outbound,tcp,24871-54713,78.206.165.42-99.210.176.105
outbound,tcp,43370-58227,86.118.180.140-194.249.202.253
outbound,tcp,24861-49450,94.168.48.120
inbound,tcp,28921-58642,4.180.145.138
outbound,udp,7618,162.200.138.194
inbound,udp,57469,218.129.178.72-255.233.196.72
outbound,udp,64098-64490,103.62.126.211-235.235.240.220
outbound,tcp,60105,127.87.188.4
outbound,tcp,32180,36.45.30.130
inbound,udp,41300-57936,187.68.226.53
inbound,udp,23344,32.217.47.144
outbound,udp,47762-52904,137.58.61.19-157.221.209.68
outbound,tcp,49958-58004,53.11.68.80
outbound,udp,16652-62778,67.62.151.4-147.134.218.174
outbound,tcp,42124-42378,97.29.68.249
outbound,tcp,11239-13803,140.12.194.73-223.13.237.79
inbound,udp,1936-7821,179.251.111.45
outbound,udp,34941,61.193.160.46-145.235.165.123
outbound,udp,34743-62327,18.241.76.151
outbound,tcp,33591-36484,117.26.201.96
inbound,udp,49114,220.15.187.18-230.246.223.155
outbound,udp,41362-55587,35.105.220.16-83.157.246.140
outbound,tcp,49756-53386,97.200.23.43-237.204.62.198
outbound,tcp,49197,187.11.76.63
outbound,tcp,27890-51134,84.74.81.149-207.232.225.190
outbound,tcp,16179,171.51.54.193-244.64.178.197
inbound,udp,18318,27.31.250.198-133.34.252.252
outbound,udp,35119,83.19.6.25-129.98.177.142
outbound,udp,18154-46290,209.134.162.4-219.216.189.111
outbound,tcp,60256,231.254.60.11
inbound,udp,34712,244.111.253.148-255.206.253.215
outbound,udp,41566-46540,212.177.134.44
outbound,tcp,53094-55492,249.253.238.178-253.253.245.238
outbound,udp,17851-40223,254.173.136.173
outbound,udp,51329,78.223.196.173-233.232.209.237
inbound,udp,7243,46.224.80.6-120.248.128.92
inbound,tcp,63293,174.143.34.217
inbound,udp,23714,198.56.12.95
outbound,tcp,39364-50755,202.158.45.216-245.220.133.239
inbound,tcp,22303-24942,162.113.197.214
inbound,udp,38992-39921,51.154.8.74
outbound,tcp,29894-39798,118.155.101.47
inbound,udp,62740-64003,135.206.240.144
inbound,udp,46236-56820,160.85.159.10
outbound,udp,59629,45.55.86.67
inbound,udp,50836-58698,199.18.101.184
outbound,udp,12483-51013,128.88.75.37-173.225.157.246
inbound,tcp,17705-58982,224.193.164.207
inbound,udp,48717,4.234.250.94
outbound,tcp,34840-57418,195.89.108.198-248.178.162.199
inbound,udp,39151,170.109.92.191
inbound,tcp,13170-36386,232.116.104.61
outbound,tcp,7413-31951,82.151.206.26-192.231.215.163
outbound,udp,54694-58655,82.75.255.245-156.253.255.252
outbound,tcp,27029,249.235.96.73
outbound,udp,60104,200.255.103.146-212.255.216.243
outbound,udp,59772-65310,242.237.46.77
outbound,tcp,22926-37205,104.124.143.211
outbound,tcp,32571-45644,59.166.77.10-154.170.225.196
inbound,tcp,22683-40819,54.69.246.214-110.101.249.246
outbound,tcp,32543,252.154.96.22-253.175.148.178
outbound,udp,24724,1.126.111.12
outbound,udp,32991-35932,209.125.239.165
inbound,udp,23944,198.165.3.132
outbound,udp,34902-54999,21.26.43.79
inbound,udp,33054,35.137.123.139-198.177.209.199
outbound,udp,60070,0.159.23.20
outbound,tcp,8517,4.245.205.74
inbound,tcp,4344-38480,153.153.193.235-231.156.251.252
inbound,udp,28312,209.38.128.139
inbound,tcp,23908-31261,57.74.188.199
inbound,tcp,51664-65375,242.56.58.121-254.201.104.233
outbound,udp,6709,185.45.75.42
inbound,udp,13312,12.220.3.27
outbound,udp,54140,122.91.62.119
inbound,udp,1254-56876,25.29.112.106
outbound,udp,50678-61851,65.65.0.206-92.107.243.252
outbound,tcp,45788-49396,150.4.36.109-231.203.158.252
outbound,tcp,25355,194.178.134.108-225.241.198.121
outbound,tcp,21104-51994,197.37.161.141-221.123.213.246
outbound,udp,259-55978,22.165.158.3-223.251.242.185
inbound,udp,62266,144.152.43.106
inbound,udp,16653,1.171.23.139-110.172.146.251
outbound,tcp,23089-52020,245.204.91.171
inbound,udp,7918-26306,54.226.58.90-209.255.132.251
outbound,udp,2601,244.128.85.92-251.144.134.229
inbound,tcp,42325-46423,175.208.102.152-196.219.232.225
inbound,tcp,11195,222.32.220.117
outbound,tcp,59941-63097,105.32.138.117-185.52.190.224
inbound,udp,6160-29498,113.98.179.81
outbound,tcp,59305-62520,146.204.161.198
inbound,tcp,11565-19137,142.39.85.179-203.181.144.203
outbound,udp,38173-54792,207.226.93.39-213.246.212.250
inbound,tcp,33544-53328,97.10.108.166-97.247.149.222
outbound,udp,60189,12.157.221.7-123.220.250.127
inbound,udp,44799,118.35.55.194
outbound,udp,50839,238.254.15.34-238.254.45.253
inbound,tcp,3189,145.135.78.56-164.141.143.200
outbound,udp,3429,143.7.52.208-226.230.178.210
inbound,udp,32566-52039,209.233.137.52-220.252.179.192
outbound,tcp,19055,239.177.88.125-239.248.242.246
outbound,tcp,22057,159.89.153.216
outbound,udp,64745,189.211.1.228-245.231.16.230
outbound,tcp,57238-61024,165.219.37.53-230.220.161.117
inbound,udp,13486,72.102.90.108
outbound,tcp,12043,74.66.75.105
outbound,tcp,26778-50881,146.41.235.202
inbound,udp,41428,20.81.193.12
outbound,tcp,11935-22671,230.41.32.117
inbound,udp,10461-37559,132.235.177.116-253.255.206.241
inbound,tcp,7876-21989,233.134.168.9-251.186.206.124
inbound,udp,19031-40794,180.112.119.189
outbound,udp,55519,146.65.194.139
inbound,udp,25318-36186,89.221.218.76
inbound,tcp,32732-50597,13.181.41.233-237.228.140.240
outbound,udp,21149-54771,34.11.192.248
outbound,tcp,62092-62504,157.7.160.112
outbound,tcp,54747-58017,162.0.224.7
inbound,udp,57840,148.92.167.130-216.131.218.252
inbound,tcp,11688,68.93.203.78-205.164.223.154
inbound,udp,30973,168.85.242.141-185.122.242.154
outbound,tcp,19127,22.37.205.31
inbound,tcp,1981-11296,90.87.148.69-187.183.235.90
inbound,tcp,20025-30242,70.1.47.159
inbound,tcp,9169-29332,69.101.176.171-111.150.242.253
inbound,tcp,48949-53045,169.189.114.175
inbound,udp,36594,190.221.252.8-207.239.252.19
inbound,tcp,35397,10.130.239.161-232.134.240.169
outbound,udp,50886,171.166.206.248-219.249.252.250
inbound,tcp,42621,135.221.99.194
outbound,tcp,53192-59945,139.3.160.245
inbound,tcp,20240-36440,19.135.58.10
outbound,udp,62960-65055,202.168.50.220
inbound,tcp,23938,45.182.28.168
inbound,tcp,35639-51039,190.39.246.200
outbound,tcp,55145,11.160.220.166
outbound,udp,33738-35966,53.139.165.239-66.153.179.239
outbound,udp,33905,213.104.125.124-222.204.170.126
inbound,tcp,10387,148.113.199.89
outbound,tcp,2408,208.17.86.193
outbound,tcp,22497,20.227.224.50-223.238.249.120
outbound,tcp,62977-64597,224.118.97.134-240.253.243.140
outbound,tcp,11495-60343,37.20.76.97-133.134.243.121
outbound,udp,8081-23955,141.3.18.74
outbound,tcp,16470,94.95.18.84-152.197.206.154
outbound,udp,42137,238.61.84.165-253.81.247.176
inbound,udp,53191,66.93.190.58
outbound,udp,62869-64555,244.189.95.45
inbound,udp,52240-58493,121.5.205.184
outbound,tcp,42002,146.157.178.94-200.197.233.101
outbound,udp,62822,39.87.129.186-155.121.187.212
outbound,udp,26921-54467,181.172.214.12
inbound,udp,41827-52253,98.181.99.23-242.251.159.96
outbound,udp,38145-40350,252.193.216.66-252.211.237.175
outbound,udp,65479-65528,13.243.129.252
inbound,tcp,16920-39642,233.194.75.176-233.234.160.210
inbound,tcp,46512,150.142.172.56-152.160.189.152
outbound,udp,44738-65265,8.230.21.222
inbound,tcp,23534,238.225.212.50-243.255.236.105
inbound,udp,12303-25462,172.119.82.93
outbound,udp,60978,122.229.43.95-158.238.255.142
inbound,tcp,45314,57.34.73.218-103.64.155.245
outbound,tcp,32701,242.252.70.227-243.253.189.237
outbound,udp,6263,143.232.251.133-243.238.252.202
inbound,udp,8264,43.10.193.246
outbound,tcp,18165,28.197.60.201
outbound,tcp,776,27.234.145.96-198.243.204.222
outbound,tcp,3198-12014,198.143.4.201
outbound,udp,22753,119.154.114.110
outbound,udp,20917-35570,229.253.215.200
outbound,udp,31136,59.37.18.2
inbound,tcp,22188,51.29.95.171-217.131.241.194
outbound,tcp,53466-63967,186.198.8.110
outbound,tcp,36795-51766,51.253.64.87-126.254.128.246
outbound,tcp,59449,175.61.4.108
outbound,tcp,3343-29773,226.184.120.182
outbound,tcp,23145-53951,123.67.210.222
outbound,udp,55460-64399,109.162.202.141
outbound,tcp,24876,57.243.74.87-195.244.211.174
outbound,tcp,3455-54991,212.236.166.183
inbound,tcp,35808-38920,116.58.193.40
inbound,udp,1046-15881,163.83.23.126
inbound,tcp,56862-64604,63.169.19.10
outbound,udp,44793-50584,131.139.106.34
outbound,udp,16016-52048,7.201.248.109-137.214.255.215
inbound,udp,19466,100.166.68.242
outbound,tcp,45488-59115,154.106.122.160-220.128.190.230
inbound,udp,37810-49571,70.226.198.248-164.247.248.252
inbound,udp,39160-63717,52.4.218.164-227.123.255.251
inbound,udp,21369,124.101.197.11-214.105.244.165
inbound,udp,26887,140.149.240.146-157.155.252.206
outbound,tcp,29426-32577,213.121.91.53-217.167.91.103
inbound,tcp,44977-50803,6.109.122.103-253.244.249.247
outbound,tcp,62544-63323,68.239.100.80-130.241.106.138
inbound,tcp,59478-59959,232.98.114.191-232.104.209.248
outbound,udp,21569-40432,195.191.117.165-215.234.246.233
inbound,udp,44482,0.62.138.73
outbound,tcp,52017,9.87.150.177
outbound,tcp,30871,62.104.50.93-115.162.235.149
inbound,udp,13372,160.214.187.5-205.248.241.160
outbound,tcp,4704,120.31.16.83-142.145.247.124
outbound,tcp,48476,165.108.127.152
outbound,tcp,16133,232.217.254.225
inbound,udp,57972-58807,243.102.195.190-248.150.205.213
inbound,udp,20152,90.72.112.136-152.95.117.229
inbound,udp,5000,233.19.174.19-237.33.229.47
outbound,tcp,9938,32.219.213.173-188.234.222.219
outbound,tcp,17934-39859,133.35.86.86-208.106.194.168
inbound,tcp,19496-65130,86.202.37.70-225.217.115.220
outbound,tcp,5161,233.33.34.62-242.111.111.66
inbound,tcp,5538,233.20.77.25-249.205.190.108
inbound,tcp,29471-61710,180.18.207.148
inbound,udp,1400-38588,178.160.234.253-204.180.240.254
outbound,tcp,45298,236.111.224.16-239.123.250.44
outbound,udp,58298-60955,220.43.174.15
inbound,udp,12612-64672,63.63.66.135
outbound,tcp,764,55.170.144.88
inbound,udp,63741-65467,130.215.240.110
outbound,tcp,17777-39209,122.136.183.113
outbound,tcp,40998,64.42.192.235
inbound,udp,26660,43.195.63.106
outbound,udp,23575-28328,233.76.183.81
outbound,tcp,20063-27616,119.88.202.209-227.139.245.240
outbound,udp,20741-57481,152.1.88.0
outbound,tcp,4370,62.174.143.111
inbound,tcp,49068-55337,114.108.24.225
inbound,udp,49982-60172,71.225.30.64
inbound,udp,23622-61623,73.225.16.189-75.240.168.207
inbound,tcp,59253,168.117.92.130
inbound,tcp,44112-63834,20.117.70.120-192.122.135.209
outbound,tcp,40290,123.22.0.202-137.215.83.250
outbound,tcp,31751,219.35.147.157-235.66.253.192
outbound,tcp,9684-30555,177.88.216.90
outbound,tcp,30787,13.38.184.133-253.244.221.133
inbound,tcp,16881,131.126.132.251-237.222.212.251
outbound,tcp,44310,251.39.249.61-253.250.255.106
outbound,udp,11779-21463,242.9.4.166
inbound,udp,37223,51.225.19.38-91.249.202.75
outbound,tcp,54432,22.218.171.99-117.239.250.138
outbound,udp,20576,185.214.134.143
inbound,udp,2155,114.200.239.62-156.229.251.253
inbound,udp,4221-39624,190.113.145.245
outbound,udp,33786,243.230.83.155
outbound,udp,4949,142.172.28.127
outbound,tcp,63780,234.32.218.8-242.252.246.98
inbound,udp,55914,137.84.73.105-234.114.196.215
outbound,udp,8762,222.36.99.44-254.175.175.104
inbound,udp,23454,206.148.50.55-255.252.158.199
outbound,udp,23120-64072,30.138.154.48
inbound,udp,28858,207.53.137.42-250.77.158.116
outbound,tcp,60067,190.213.5.103-255.228.203.199
outbound,tcp,64893-65403,84.240.231.208-241.246.236.211
inbound,udp,22669-47518,87.186.199.166-187.242.214.240
inbound,tcp,9504,175.235.237.47
inbound,tcp,47403-54082,127.136.37.190-169.234.241.208
outbound,tcp,19362-61711,86.138.49.125
outbound,udp,16391-46828,200.56.153.219
outbound,tcp,38412,21.195.194.171-243.233.202.180
inbound,udp,23225-53979,38.101.153.234-52.177.177.244
outbound,tcp,41389-44312,120.31.88.229
inbound,tcp,39929-63770,7.161.130.170-10.165.136.219
outbound,tcp,13187-46377,18.247.160.129-200.252.211.222
inbound,udp,10393,36.93.25.239
inbound,udp,53876-62949,69.107.134.228
inbound,udp,28438-59051,166.89.172.204
inbound,tcp,36385,130.28.145.140
inbound,tcp,56094,148.100.156.119-198.216.171.192
inbound,tcp,32965,193.80.239.117
inbound,udp,16128-16264,200.17.145.122-247.23.172.205
inbound,udp,9839,85.238.186.169
inbound,udp,42599-46521,15.92.255.91
inbound,udp,49567,32.255.191.118-171.255.194.194
outbound,tcp,1676-9290,167.232.43.99-246.247.106.132
outbound,udp,59718,129.14.224.29
inbound,tcp,28895,150.162.15.24-252.188.253.84
outbound,tcp,56280,168.226.35.199
inbound,udp,3041-8217,79.164.191.154
outbound,tcp,35784-50450,155.29.39.194
outbound,tcp,2372-12760,5.7.52.152
inbound,udp,47803,70.76.76.226-96.97.110.251
inbound,tcp,46664-57423,198.151.115.172-238.178.189.221
inbound,tcp,25857-35313,119.153.97.23
outbound,tcp,30631,41.174.81.123-205.175.197.223
outbound,tcp,47202-48633,59.157.85.216-121.179.99.246
outbound,tcp,37795,62.162.116.211-84.226.178.223
outbound,udp,1557,43.146.72.149-210.157.228.220
inbound,udp,55653-63039,177.8.70.12
outbound,tcp,20802,73.4.147.173
outbound,udp,56964-63998,218.228.66.221
outbound,udp,44094,141.24.200.230-175.134.241.235
outbound,tcp,64631-64938,137.87.121.109-182.158.180.178
outbound,udp,62603-62848,190.179.18.93-218.205.180.254
inbound,udp,43618-45344,214.126.138.220
outbound,tcp,44279,39.169.226.248-63.172.241.254
inbound,udp,35746-45227,237.133.217.189-237.190.239.237
inbound,udp,62459-64011,162.186.138.247-174.252.240.254
inbound,tcp,60407-63810,53.186.20.253
outbound,udp,15923-47561,27.205.154.73-31.243.202.133
inbound,udp,36281,22.7.25.167
inbound,tcp,42050-47046,127.123.194.14
inbound,tcp,31659-46486,238.9.107.195
outbound,udp,58954,136.34.240.73
inbound,tcp,37105-57348,196.228.48.83
inbound,udp,29153-53739,206.108.224.111-209.151.246.137
outbound,tcp,29553,250.158.26.59-253.162.94.96
inbound,tcp,24757,147.131.174.112
outbound,tcp,33318-48052,62.82.96.90
inbound,tcp,17946-35300,141.26.155.127
outbound,udp,28814,208.180.45.58-230.197.149.217
inbound,udp,31161-40298,42.39.49.169
outbound,udp,37315-56256,131.57.147.124
inbound,udp,14663,2.10.220.50
outbound,udp,6160-61012,190.55.35.180
outbound,udp,7216-58278,11.84.116.112-176.184.147.130
outbound,tcp,29992-36966,51.10.116.79-218.84.249.152
outbound,udp,50977,101.205.196.86-189.223.226.239
inbound,udp,41013,118.13.203.157
outbound,tcp,58008,15.42.120.179
outbound,udp,13702,22.152.201.57-111.229.233.158
inbound,tcp,39082,183.166.188.85
inbound,udp,16887,242.43.48.214
inbound,udp,49557,233.160.152.140
inbound,udp,12846-42572,52.185.124.105
inbound,udp,14720,63.148.176.184
inbound,tcp,10151-56604,164.48.233.194-229.75.233.242
inbound,tcp,14399-50357,73.216.87.62
inbound,tcp,55537,27.144.242.98-111.173.245.234
inbound,udp,42969,154.153.118.110-212.160.154.135
outbound,udp,3894,71.163.215.122
inbound,tcp,6417-37935,25.118.50.164
inbound,udp,50781,35.207.183.80-101.236.239.195
inbound,udp,51243,70.168.76.78
outbound,udp,56511,124.128.179.97-241.145.234.147
inbound,tcp,35075,194.145.174.163
outbound,udp,1545,36.105.102.36-109.188.111.71
inbound,tcp,55032,227.95.237.184
inbound,tcp,26955,245.102.174.177-245.229.245.209
outbound,udp,29620,90.210.19.95
inbound,udp,22177-41069,230.174.166.117-237.233.228.192
inbound,udp,50477-64688,108.248.177.174
outbound,udp,832,89.250.160.214
outbound,udp,50384-65489,158.164.86.213-214.209.108.244
outbound,tcp,45060,69.232.214.21
outbound,udp,55574-57307,94.55.181.173-175.164.182.173
inbound,udp,16484-58051,136.234.58.144
outbound,tcp,61743-65133,198.195.65.187-247.206.103.196
inbound,udp,48562-49297,130.116.52.142-230.190.59.160
outbound,udp,30494-60159,200.121.247.161-227.199.251.237
inbound,udp,64191,253.36.95.153-255.153.199.242
outbound,udp,48363,38.126.87.143
inbound,tcp,18186-30680,190.66.207.62
inbound,udp,57675,36.251.23.114-118.251.208.116
outbound,udp,8295-34924,128.118.203.43
outbound,tcp,45625,80.28.113.64-147.203.133.251
inbound,udp,49327-50298,197.219.158.36
outbound,tcp,26389,235.218.19.204
inbound,udp,8034-47029,207.118.104.98
inbound,udp,47737-47976,223.206.116.88
inbound,udp,48308,52.225.50.39-152.249.68.103
outbound,udp,48598,82.179.185.147-208.233.224.186
inbound,tcp,45999-53939,18.67.141.224-61.250.150.239
inbound,udp,38884,211.80.72.170-228.110.77.254
outbound,tcp,52679-56000,22.5.166.105
outbound,tcp,46413-65350,15.210.60.60-254.244.127.158
outbound,tcp,33397-55190,204.115.112.207
inbound,tcp,4741-30679,129.148.139.2-227.232.249.210
outbound,tcp,33522-50103,186.109.70.170
outbound,tcp,1541-58615,240.152.251.134
inbound,udp,17980,203.215.228.51
outbound,udp,24618,52.44.28.87
outbound,tcp,912,54.236.45.141-61.255.104.195
inbound,tcp,36538-55029,251.122.8.139-255.238.146.246
inbound,udp,27462,22.218.123.203-136.220.176.240
inbound,udp,60594,10.119.35.162-33.228.101.223
inbound,tcp,8372-47070,94.164.4.90-189.167.119.160
inbound,tcp,12762,237.254.134.166-245.254.253.219
inbound,tcp,8129,149.151.99.45-243.198.230.207
inbound,udp,55404-59546,199.217.215.14-237.217.246.218
outbound,tcp,18137,177.254.34.30
outbound,udp,23044-50580,72.39.153.22-176.163.228.41
inbound,udp,12573-51497,40.239.202.251-130.247.229.252
outbound,tcp,19687,23.246.108.149
outbound,tcp,30018-30054,106.178.205.129
inbound,udp,46873,118.238.49.242-201.245.147.244
outbound,udp,15372-46896,210.204.177.227-247.205.235.235
outbound,tcp,26707,216.10.39.50
outbound,udp,55740-61822,31.95.195.144-116.213.249.145
inbound,udp,38040,162.166.75.133
outbound,tcp,53657,215.243.241.122-219.251.243.167
inbound,udp,36483,48.111.105.181
inbound,tcp,7235-16211,13.230.125.87
outbound,udp,5675-34761,1.30.224.18
inbound,tcp,4856,198.215.173.155-239.249.222.164
outbound,tcp,52522,86.215.228.164
outbound,tcp,23849-28912,164.145.173.48-209.199.196.176
inbound,udp,31133-38662,73.252.251.13
inbound,tcp,38631,146.8.226.207
inbound,tcp,3595-47999,95.179.19.72
inbound,tcp,54129-58182,96.151.84.11-225.203.138.79
outbound,udp,19409,3.144.178.132
outbound,tcp,36652-60932,167.121.101.70
outbound,udp,43221,57.74.246.241-228.166.255.242
